name,Twitter Sentiment
'71,1
[Rec] 2,1
[REC] 3: Genesis,0
10 Cloverfield Lane,1
10 Years,1
"10,000 BC",2
12 horas para sobrevivir,0
12 Rounds,1
12 Years a Slave,1
127 Hours,1
13 Assassins,1
13 Hours,0
13 Sins,2
1408,0
16 Blocks,2
17 Again,1
2 Days in Paris,1
2 Guns,1
2012,1
20th Century Women,1
21,1
21 & Over,2
21 Jump Street,1
22 Jump Street,1
27 Dresses,1
28 Weeks Later,1
3 Days to Kill,2
3 Generations,1
3 Idiots,2
3:10 to Yuma,1
30 Days of Night,1
30 minutos o menos,0
300,1
300: Rise of an Empire,0
31,0
360,0
"4 Months, 3 Weeks and 2 Days",1
42,1
45 Years,1
47 Ronin,1
5 to 7,1
50/50,1
500 Days of Summer,0
88 Minutes,2
9,0
90 Minutes in Heaven,2
99 Homes,1
A Bigger Splash,0
A Brilliant Young Mind,1
A Christmas Carol,1
A Cure for Wellness,1
A Dangerous Method,2
A Good Day to Die Hard,1
A Good Old Fashioned Orgy,1
A Good Year,1
A Guide to Recognizing Your Saints,0
A Haunted House,0
A Haunted House 2,2
A Hijacking,1
A Hologram for the King,0
A Late Quartet,2
A Little Bit of Heaven,1
A Little Chaos,1
A Little Help,1
A Long Way Down,1
A Mighty Heart,1
A Million Ways to Die in the West,1
A Monster Calls,1
A Most Violent Year,0
A Most Wanted Man,1
A Nightmare on Elm Street,1
A Perfect Getaway,1
A Prophet,2
A Royal Affair,1
A Scanner Darkly,1
A Separation,0
A Serious Man,1
A Single Man,2
A Street Cat Named Bob,0
A Thousand Words,1
A United Kingdom,0
A Very Harold & Kumar 3D Christmas,2
A Walk Among the Tombstones,2
A Walk in the Woods,1
Abduction,0
About Cherry,0
About Elly,1
About Last Night,2
About Time,0
Abraham Lincoln: Vampire Hunter,0
Absolutely Fabulous: The Movie,1
Accepted,1
Across the Universe,1
Act of Valor,1
Adam,0
Addicted,2
Adore,1
Adult World,0
Adventureland,0
After Earth,0
After.Life,1
Afternoon Delight,1
Aftershock,1
Agentes Secretos,2
Agora,2
Ain't Them Bodies Saints,1
Aislados,0
Akeelah and the Bee,1
Al otro lado del mundo,0
Albert Nobbs,1
Alex Cross,1
Alex Rider: Operation Stormbreaker,0
"Alexander and the Terrible, Horrible, No Good, Very Bad Day",2
Alice in Wonderland,1
Alice Through the Looking Glass,1
Aliens in the Attic,1
Aliens vs. Predator: Requiem,0
All About Steve,0
All Good Things,1
All Is Lost,1
All the King's Men,1
Allegiant,1
Allied,1
Almost Christmas,0
Aloha,1
Alpha and Omega,1
Alps: Los suplantadores,0
Alucinaciones,0
Alvin and the Chipmunks,1
Alvin and the Chipmunks: Chipwrecked,1
Alvin and the Chipmunks: The Road Chip,1
Alvin and the Chipmunks: The Squeakquel,0
Amazing Grace,1
Amelia,2
American Dreamz,1
American Gangster,0
American Honey,1
American Hustle,1
American Reunion,1
American Sniper,0
American Ultra,1
Amores asesinos,0
Amores infieles,0
Amour,1
An Education,1
Anchorman 2: The Legend Continues,0
And So It Goes,2
Angels & Demons,1
Animal Kingdom,1
Anna,0
Anna Karenina,1
Annabelle,1
Annapolis,1
Annie,1
Anomalisa,1
Anonymous,1
Another Earth,1
Another Gay Movie,1
Another Year,1
Ant-Man,1
Anthropoid,0
Anticristo,2
Apocalypto,1
Apollo 18,1
Appaloosa,0
Aquamarine,1
Arbitrage,0
Are We Done Yet?,2
Argo,1
Armored,1
Arrival,1
Arthur,1
Arthur and the Invisibles,2
"As Above, So Below",1
Assassin's Creed,1
Astro Boy,1
At Any Price,1
ATL,1
Atlas Shrugged: Part I,0
ATM,2
Atonement,1
Attack on Titan: Part 1,0
Attack the Block,0
August Rush,0
August: Osage County,2
Austenland,1
Australia,1
Avatar,1
Avengers: Age of Ultron,1
Awake,2
Away We Go,1
Baahubali: The Beginning,1
Babel,0
Baby Mama,1
Babylon A.D.,1
Bachelorette,1
Bad Grandpa,2
Bad Lieutenant: Port of Call New Orleans,2
Bad Moms,2
Bad Santa 2,2
Bad Teacher,2
Balls of Fury,1
Bangkok Dangerous,2
Barefoot,0
Basic Instinct 2,2
Batman v Superman: Dawn of Justice,1
Batman: The Killing Joke,1
Battle in Seattle,1
Battle Los Angeles,1
Battleship,0
Be Kind Rewind,1
Beastly,1
Beasts of No Nation,1
Beasts of the Southern Wild,1
Beautiful Creatures,1
Because I Said So,1
Becoming Jane,1
Bedtime Stories,1
Bee Movie,1
Beerfest,1
Before I Go to Sleep,1
Before Midnight,1
Before the Devil Knows You're Dead,0
Before We Go,0
Begin Again,1
Beginners,1
Behind the Mask: The Rise of Leslie Vernon,2
Being Flynn,1
Bel Ami,0
Belle,0
Ben-Hur,0
Beowulf,1
Bernie,2
Better Living Through Chemistry,1
Beverly Hills Chihuahua,1
Beyond a Reasonable Doubt,0
Beyond the Black Rainbow,1
Beyond the Lights,0
Big Eyes,1
Big Game,2
Big Hero 6,1
Big Miracle,1
Big Momma's House 2,2
"Big Mommas: Like Father, Like Son",0
Billy Lynn's Long Halftime Walk,0
Birdman or (The Unexpected Virtue of Ignorance),1
Bitch Slap,2
Biutiful,0
Black Book,2
Black Christmas,1
Black Death,0
Black Dynamite,1
Black Mass,0
Black Sea,0
Black Sheep,1
Black Snake Moan,2
Black Swan,1
Blackhat,1
Blackway,2
Blades of Glory,1
Bleed for This,0
Blended,1
Blind Dating,2
Blood and Chocolate,2
Blood Ties,2
Blue Is the Warmest Color,0
Blue Jasmine,2
Blue Ruin,0
Blue Valentine,1
Bobby,0
Body of Lies,2
Bolt,1
Boo! A Madea Halloween,1
Borat: Cultural Learnings of America for Make Benefit Glorious Nation of Kazakhstan,1
Born to Be Blue,1
Bottle Shock,2
Boy,2
Boy A,1
Boyhood,1
Bratz,1
Brave,1
Breach,0
Breaking and Entering,2
Breathe In,1
Bride Wars,0
Brideshead Revisited,0
Bridesmaids,1
Bridge of Spies,1
Bridge to Terabithia,1
Bright Star,1
Broken City,2
Broken Embraces,0
Bronson,2
Brooklyn,0
Brooklyn's Finest,1
Brothers,1
Bug,1
Bullet to the Head,1
Bullhead,1
Burke and Hare,1
Burlesque,1
Burn After Reading,0
Burnt,1
Buster's Mal Heart,2
Butter,1
Byzantium,1
Cadillac Records,1
Cake,1
Calvary,0
Camp X-Ray,1
Candy,1
Captain America: Civil War,1
Captain America: The First Avenger,1
Captain America: The Winter Soldier,1
Captain Fantastic,1
Captain Phillips,1
Captive,2
Captivity,0
Carol,0
Carrie,1
Carrie Pilby,1
Carriers,1
Cars,1
Cars 2,1
Casa de mi Padre,0
Case 39,1
Cashback,1
Casino Jack,1
Casino Royale,1
Cassandra's Dream,1
Catch .44,1
Catch and Release,2
Cats & Dogs: The Revenge of Kitty Galore,1
CBGB,1
Cedar Rapids,1
Ceguera,0
Celeste & Jesse Forever,0
Central Intelligence,2
Centurion,0
Certain Women,1
Certified Copy,2
Chalet Girl,1
Changeling,1
Chaos Theory,1
Chappie,1
Charlie Bartlett,1
Charlie Countryman,1
Charlie St. Cloud,1
Charlie Wilson's War,1
Charlotte's Web,1
Chasing Mavericks,0
Che: Part One,1
Chef,1
Chernobyl Diaries,2
Chi-Raq,1
Children of Men,1
Chloe,1
Choke,2
Chronicle,1
Chuck,2
Cinderella,1
Cirque du Freak: The Vampire's Assistant,1
City Island,1
City of Ember,1
Clash of the Titans,1
Clerks II,2
Click,1
Closet Monster,1
Cloud Atlas,1
Cloudy with a Chance of Meatballs,1
Cloudy with a Chance of Meatballs 2,2
Cloverfield,1
Cocktail,1
Coco Before Chanel,1
Coherence,1
Cold in July,2
Collateral Beauty,1
College,1
College Road Trip,1
Collide,2
Colombiana,0
Complete Unknown,1
Compliance,1
Conan the Barbarian,2
Concussion,0
Concussion,0
Concussion,0
Concussion,0
Concussion,0
Concussion,0
Concussion,0
Concussion,0
Confessions of a Shopaholic,0
Contagion,1
Contraband,2
Contracted,1
Control,2
Conviction,2
Cooties,0
Cop Car,0
Cop Out,1
Coraline,0
Coriolanus,1
Country Strong,1
Couples Retreat,1
Courageous,1
Cowboys & Aliens,1
Cracks,1
Crank,1
Crank: High Voltage,2
Crazy Heart,2
"Crazy, Stupid, Love.",2
Creed,2
Crimenes ocultos,0
Criminal,2
Crimson Peak,1
Crossing Over,2
Cuentos de Terramar,0
Curious George,1
Curse of the Golden Flower,1
Cyrus,1
Daddy's Home,0
Daddy's Little Girls,2
Dallas Buyers Club,1
Dan in Real Life,1
Dangal,1
Danny Collins,1
Dark Shadows,1
Dark Skies,1
Date Movie,1
Date Night,1
Dawn of the Planet of the Apes,0
Dead Awake,2
Dead Man Down,1
Dead Silence,2
Dead Snow,2
Deadfall,1
Deadpool,1
Dear John,1
Dear White People,0
Death at a Funeral,0
Death at a Funeral,0
Death at a Funeral,0
Death at a Funeral,0
Death at a Funeral,0
Death at a Funeral,0
Death at a Funeral,0
Death at a Funeral,0
Death Race,1
Death Sentence,1
Deception,1
Deck the Halls,1
Defendor,2
Defiance,2
"Definitely, Maybe",1
Deja Vu,0
Deliver Us from Evil,2
Delivery Man,1
Demolition,1
Denial,2
Descent,1
Desierto,0
Despicable Me,2
Despicable Me 2,1
Destino final 3,0
Detachment,1
Devil,1
Diamante de sangre,0
Diana,1
Diary of a Wimpy Kid,1
Diary of a Wimpy Kid: Dog Days,1
Diary of a Wimpy Kid: Rodrick Rules,2
Diary of the Dead,2
Did You Hear About the Morgans?,1
Dinner for Schmucks,1
Dirty Girl,2
Dirty Grandpa,2
Disaster Movie,0
Disconnect,1
District 13: Ultimatum,0
Disturbia,0
Divergent,1
Django Unchained,1
DOA: Dead or Alive,0
Doctor Strange,2
Dogtooth,1
Dolphin Tale,1
Dom Hemingway,0
Don't Be Afraid of the Dark,2
Don't Breathe,1
Don 2,1
Don Jon,0
Donde viven los monstruos,0
Donkey Punch,0
Doomsday,1
Dope,2
Doubt,1
Dracula 3D,1
Dracula Untold,2
Draft Day,1
Drag Me to Hell,2
Dragon Blade,1
Dragon Wars: D-War,0
Dragonball: Evolution,1
Dream Boy,1
Dream House,0
Dreamgirls,1
Dredd,1
Drillbit Taylor,1
Drinking Buddies,1
Drishyam,1
Drive,0
Drive Angry,2
Due Date,0
Dumb and Dumber To,2
Duplicity,2
Dylan Dog: Dead of Night,0
Eagle Eye,1
Eagle vs Shark,2
Earth to Echo,1
Eastern Promises,1
Easy A,1
Easy Money,1
Easy Virtue,1
Eat Pray Love,1
Eddie the Eagle,0
Eden Lake,1
Edge of Darkness,1
Edge of Tomorrow,1
Eight Below,1
El dador de recuerdos,1
El expreso del miedo,0
El gran Gatsby,0
El imperio,0
El juego del miedo VI,0
El nuevo nuevo testamento,0
El pasado,0
El payaso del mal,2
El penthouse,0
El recuerdo de Marnie,1
El transportador 3,0
Elegy,1
Elektra Luxx,0
Elite Squad,1
Elite Squad: The Enemy Within,0
Elizabeth: The Golden Age,1
Elles,2
Elysium,1
Embrace of the Serpent,1
Employee of the Month,1
En la casa,1
Enchanted,1
End of Watch,1
Ender's Game,2
Endless Love,1
English Vinglish,1
Enough Said,1
Enredos en Broadway,0
Enter the Void,2
Entourage,1
Epic,1
Epic Movie,1
Equals,1
Eragon,1
Escape Plan,1
Escobar,1
Escritores de la libertad,0
Esta chica es un desastre,0
Europa Report,1
Evan Almighty,1
Even the Rain,1
Evening,1
Everest,1
Everybody's Fine,1
Everybody Wants Some!!,2
Everyone's Hero,1
Everything Must Go,2
Evil Dead,2
Ex Machina,1
Exodus: Gods and Kings,1
Experimenter,2
Extract,1
Extraordinary Measures,1
Extremely Loud & Incredibly Close,1
Eye in the Sky,1
Facing the Giants,1
Factory Girl,1
Fading Gigolo,1
Failure to Launch,0
Fair Game,0
Fame,1
Fanboys,1
Fantastic 4: Rise of the Silver Surfer,1
Fantastic Beasts and Where to Find Them,1
Fantastic Four,1
Fantastic Mr. Fox,1
Far from the Madding Crowd,1
"Farewell, My Queen",2
Fast & Furious,2
Fast & Furious 6,1
Fast Five,1
Fast Food Nation,1
Faster,2
Fearless,1
Feast of Love,1
Felon,0
Fences,1
Fifty Shades of Grey,1
Fighting,0
Filth,0
Final Destination 5,1
Find Me Guilty,2
Finding Dory,1
Fired Up!,0
Fireflies in the Garden,2
Fireproof,0
Firewall,1
First Sunday,1
Fish Tank,1
Flags of our Fathers,1
Flame & Citron,0
Flawless,1
Flicka,1
Flight,1
Flipped,0
Florence Foster Jenkins,2
Flushed Away,1
Flyboys,1
Flypaper,1
Focus,1
Fool's Gold,1
Footloose,1
"For a Good Time, Call...",1
For Colored Girls,1
Forever Strong,1
Forgetting Sarah Marshall,1
Four Lions,1
Foxcatcher,2
Fracture,1
Frances Ha,1
Frank,1
Frankenweenie,1
Frankie & Alice,1
Frantz,1
Fred Claus,1
Free Fire,1
Free State of Jones,1
Freeheld,0
Friday the 13th,0
Friends with Benefits,1
Friends with Kids,1
Friends with Money,1
Fright Night,1
From the Land of the Moon,0
From Up on Poppy Hill,1
Frost/Nixon,0
Frozen,1
Frozen,1
Frozen,2
Frozen,2
Frozen,1
Frozen,1
Frozen,2
Frozen,2
Fruitvale Station,0
Fuerza mayor,1
Fun Size,0
Funny Games,0
Funny People,1
Fur: An Imaginary Portrait of Diane Arbus,0
Furia de Titanes 2,2
Furious 7,1
Furry Vengeance,1
Fury,1
G-Force,2
G.I. Joe: Retaliation,1
G.I. Joe: The Rise of Cobra,1
Gamer,1
Gangster Squad,0
Garden Party,1
Garfield 2,0
Genius,1
Georgia Rule,2
Get Hard,2
Get Him to the Greek,1
Get Low,1
Get Smart,1
Ghajini,2
Ghost Rider,2
Ghost Rider: Spirit of Vengeance,1
Ghost Town,0
Ghostbusters,1
Ghosts of Girlfriends Past,2
Gimme Shelter,1
Ginger & Rosa,1
Girl Asleep,1
Girl Most Likely,1
Glory Road,1
Gnomeo & Juliet,1
Goat,1
God's Not Dead,0
God's Pocket,1
God Bless America,1
Gods of Egypt,1
Godzilla,2
Going the Distance,1
Gold,0
Gomorrah,1
Gone,1
Gone Baby Gone,1
Gone Girl,1
Good Dick,1
Good Kill,1
Good Luck Chuck,1
Goon,2
Goosebumps,0
Goya's Ghosts,1
Gran Torino,0
Grandma's Boy,2
Gravity,1
Great Expectations,1
Green Lantern,1
Green Room,0
Green Zone,1
Greenberg,2
Gridiron Gang,1
Grindhouse,0
Grown Ups,1
Grown Ups 2,1
Grudge Match,1
Guardians of the Galaxy,1
Gulliver's Travels,1
Guzaarish,1
"Hail, Caesar!",2
Hairspray,2
Half Nelson,0
Hall Pass,1
Halloween,0
Halloween II,1
Hamlet 2,1
Hancock,1
Hanna,1
Hannah Montana: The Movie,1
Hannibal Rising,2
Hansel y Gretel: Cazadores de brujas,0
Happy-Go-Lucky,1
Happy Feet,1
Happy Feet Two,1
Happythankyoumoreplease,1
Harold & Kumar Escape from Guantanamo Bay,0
Harry Brown,0
Harry Potter and the Deathly Hallows: Part 1,2
Harry Potter and the Deathly Hallows: Part 2,1
Harry Potter and the Half-Blood Prince,2
Harry Potter and the Order of the Phoenix,1
Hatchet,1
Hatchet II,0
Headhunters,1
Heartbeats,1
Heartbreaker,0
Heaven Is for Real,1
Heaven Knows What,1
Hell or High Water,1
Hell Ride,0
Hellboy II: The Golden Army,1
"Hello, My Name Is Doris",1
Henry's Crime,2
Her,1
Hercules,0
Here Comes the Boom,1
Hereafter,1
Hesher,1
Hidden Figures,0
High-Rise,2
High School Musical 3: Senior Year,0
Hit and Run,2
Hitchcock,1
Hitman - Agente 47,1
Hitman: Agent 47,2
Hobo with a Shotgun,1
Hollywoodland,1
Hombre lobo,2
Home,2
Homefront,0
Honeymoon,1
Hop,1
Hope Springs,1
Horizonte profundo,0
Horns,1
Horrible Bosses,2
Horrible Bosses 2,2
Horton Hears a Who!,1
Hostel: Part II,1
Hot Fuzz,1
Hot Pursuit,1
Hot Rod,1
Hot Tub Time Machine,0
Hot Tub Time Machine 2,1
Hotel para perros,0
Hotel Transylvania,1
Hotel Transylvania 2,1
Hounddog,1
House at the End of the Street,1
House of Tolerance,1
How Do You Know,1
How I Live Now,1
How to Be Single,1
How to Lose Friends & Alienate People,1
How to Train Your Dragon,1
How to Train Your Dragon 2,2
Hugo,0
Hunger,1
Hunt for the Wilderpeople,1
Hyde Park on Hudson,1
Hysteria,1
I'll See You in My Dreams,1
I'm So Excited!,1
I'm Still Here,0
I Am Legend,0
I Am Love,1
I Am Number Four,0
I Can't Think Straight,1
I Can Do Bad All by Myself,2
I Give It a Year,1
I Hope They Serve Beer in Hell,1
I Know Who Killed Me,1
"I Love You, Beth Cooper",1
"I Love You, Man",1
I Now Pronounce You Chuck & Larry,1
I Origins,2
I Saw the Devil,2
I Saw the Light,1
I Spit on Your Grave,0
I Spit on Your Grave 2,1
I Think I Love My Wife,1
"I, Daniel Blake",0
"I, Frankenstein",1
Ice Age: Collision Course,1
Ice Age: Continental Drift,1
Ice Age: Dawn of the Dinosaurs,2
Ice Age: The Meltdown,0
Ida,1
Identity Thief,1
Idiocracy,1
If I Stay,1
If I Were You,1
Igor,0
Immortals,1
In a Better World,1
In a Valley of Violence,2
In a World...,1
In Bruges,1
In Order of Disappearance,1
In Secret,2
In the Heart of the Sea,1
In the Land of Blood and Honey,2
In the Land of Women,2
In the Loop,1
In the Name of the King: A Dungeon Siege Tale,1
In the Valley of Elah,1
In Time,1
Incarnate,2
Incendies,0
Inception,1
Independence Day: Resurgence,2
Indiana Jones and the Kingdom of the Crystal Skull,1
Indignation,1
Infamous,0
Inferno,1
Inglourious Basterds,0
Inherent Vice,0
Inside Llewyn Davis,0
Inside Man,1
Inside Out,1
Insidious,2
Insidious: Chapter 2,1
Instructions Not Included,2
Insurgent,1
Interstellar,2
Into the Forest,1
Into the Storm,1
Into the White,1
Into the Wild,1
Into the Woods,2
Intruders,2
Invictus,1
Invincible,2
Ip Man 2,2
Ip Man 3,0
Iron Man,1
Iron Man 2,0
Iron Man 3,2
Irrational Man,1
It's Complicated,1
It's Kind of a Funny Story,1
It Follows,0
J. Edgar,1
Jack and Jill,1
Jack Reacher,1
Jack Reacher,1
Jack Reacher,1
Jack Reacher,1
Jack Ryan: Shadow Recruit,1
Jack the Giant Slayer,1
Jackie,1
Jane Eyre,2
Jane Got a Gun,1
Jason Bourne,1
Jem and the Holograms,0
Jennifer's Body,0
Jersey Boys,1
Jimi: All Is by My Side,1
Jobs,1
Joe,1
John Carter,1
John Dies at the End,0
John Tucker Must Die,2
John Wick,0
Johnny English Reborn,1
Jonah Hex,1
Journey 2: The Mysterious Island,1
Journey to the Center of the Earth,1
Journey to the West,1
Joy,1
Joyful Noise,1
Julie & Julia,1
Jumper,1
Jumping the Broom,0
Juno,1
Jupiter Ascending,2
Jurassic World,1
Just Before I Go,0
Just Go with It,0
Just My Luck,0
Kaboom,1
Kahaani,1
Keanu,1
Keeping Up with the Joneses,1
Kick-Ass,1
Kick-Ass 2,1
Kid Cannabis,2
Kill List,1
Kill Me Three Times,2
Kill the Irishman,1
Kill the Messenger,0
Kill Your Darlings,0
Killer Elite,2
Killer Joe,1
Killers,2
Killing Season,1
Killing Them Softly,1
Killshot,1
King Cobra,1
Kingsglaive: Final Fantasy XV,0
Kingsman: The Secret Service,2
Kit Kittredge: An American Girl,0
Knight and Day,1
Knight of Cups,0
Knights of Badassdom,1
Knock Knock,1
Knocked Up,1
Knowing,1
Kon-Tiki,1
Krampus,1
Krisha,1
Kubo and the Two Strings,1
Kung Fu Panda,0
Kung Fu Panda 2,0
Kung Fu Panda 3,1
La bicicleta verde,0
La bruja de Blair,0
La Dalia Negra,0
La Granja,0
La hermandad,0
La La Land,1
La langosta,0
La llave de Sarah,1
La piel de Venus,0
La piel que habito,0
La tortuga roja,1
La vida secreta de tus mascotas,2
La Vie en Rose,1
Labor Day,1
Lady in the Water,1
Lady Macbeth,1
Laggies,1
Lakeview Terrace,1
Land of the Lost,1
Larry Crowne,1
Lars and the Real Girl,0
Last Holiday,1
Last Night,1
Last Vegas,1
Law Abiding Citizen,0
Lawless,1
Lay the Favorite,1
Leap Year,1
Leap!,1
Leatherheads,1
Lee Daniels' The Butler,0
Left Behind,2
Legend,1
Legend of the Guardians: The Owls of Ga'Hoole,1
Legion,2
Lejos de ella,0
Let's Be Cops,1
Let's Go to Prison,1
Let Me In,1
Let the Right One In,1
Letters from Iwo Jima,1
Letters to Juliet,1
Leviathan,0
Liberal Arts,0
License to Wed,1
Life After Beth,2
Life as We Know It,1
Life of Crime,1
Life of Pi,1
Lights Out,1
Like Crazy,2
Like Stars on Earth,2
Limitless,0
Lincoln,1
Lion,2
Lions for Lambs,1
Little Children,1
Little Fockers,1
Little Miss Sunshine,2
Little White Lies,0
Littleman,0
Live by Night,1
Live Free or Die Hard,2
Locke,1
Lockout,1
London Boulevard,0
London Has Fallen,1
Lone Survivor,1
Looper,1
Lore,1
Los 33,0
Los ilusionistas 2,0
Lost River,2
Love & Friendship,1
Love & Mercy,1
Love & Other Drugs,1
Love Happens,1
Love in the Time of Cholera,1
Love Ranch,1
Love the Coopers,1
Lovelace,1
Loving,1
Loving Annabelle,1
Lowriders,1
Lucky Number Slevin,1
Lucky You,1
Lucy,1
"Lust, Caution",1
Macbeth,1
MacGruber,1
Machete,1
Machete Kills,2
Machine Gun Preacher,0
Mad Max: Fury Road,2
Mad Money,2
Madagascar 3: Europe's Most Wanted,1
Madagascar: Escape 2 Africa,2
Made in Dagenham,1
Made of Honor,1
Madea's Family Reunion,1
Madea's Witness Protection,1
Madea Goes to Jail,1
Maggie,1
Maggie's Plan,1
Magic in the Moonlight,1
Magic Mike,1
Magic Mike XXL,1
Maleficent,0
Mamma Mia!,0
Man of Steel,1
Man of Tai Chi,1
Man of the Year,1
Man on a Ledge,1
Manchester by the Sea,2
Mandela: Long Walk to Freedom,1
Maniac,1
Manifesto,1
Manos de piedra,0
Mapa a las estrellas,1
Margaret,2
Margin Call,0
Margot at the Wedding,1
Marie Antoinette,1
Marley & Me,1
Marmaduke,0
Martha Marcy May Marlene,1
Martian Child,1
Masterminds,1
Maudie,1
Max,1
Max Payne,2
Max Steel,1
Maze Runner: The Scorch Trials,1
"McFarland, USA",1
Me and Earl and the Dying Girl,1
Me and Orson Welles,1
Me Before You,1
Meek's Cutoff,1
Meet Dave,1
Meet the Blacks,1
Meet the Browns,1
Meet the Robinsons,1
Meet the Spartans,1
Megamind,1
Men in Black 3,2
"Men, Women & Children",1
Mi historia sin mi,0
Mi mascota es un monstruo,0
Miami Vice,1
Michael Clayton,1
Middle Men,1
Middle School: The Worst Years of My Life,2
Midnight in Paris,1
Midnight Special,1
Mike and Dave Need Wedding Dates,2
Milk,1
Million Dollar Arm,0
Minions,1
Miracle at St. Anna,1
Miracles from Heaven,1
Mirror Mirror,2
Mirrors,1
Miss March,1
Miss Peregrine's Home for Peculiar Children,1
Miss Pettigrew Lives for a Day,1
Miss Potter,0
Miss You Already,1
Mission: Impossible - Ghost Protocol,2
Mission: Impossible III,2
Mississippi Grind,1
Mistress America,0
Moana,1
Mommy,1
Moms' Night Out,1
Money Monster,1
Moneyball,1
Mongol: The Rise of Genghis Khan,0
Monster House,1
Monster Trucks,1
Monsters,1
Monsters University,1
Monsters vs. Aliens,1
Moon,0
Moonlight,1
Moonrise Kingdom,0
Morgan,1
Morning Glory,1
Mortdecai,1
Mother,1
Mother's Day,1
Mother of Tears,1
Mothers and Daughters,0
Movie 43,2
Mr. Bean's Holiday,2
Mr. Brooks,2
Mr. Church,1
Mr. Holmes,1
Mr. Magorium's Wonder Emporium,1
Mr. Nobody,0
Mr. Peabody & Sherman,1
Mr. Popper's Penguins,1
Mr. Right,1
Mr. Woodcock,1
Much Ado About Nothing,1
Mud,1
Muppets Most Wanted,1
Music and Lyrics,1
Mustang: belleza salvaje,0
Mutant Chronicles,1
My Best Friend's Girl,1
My Big Fat Greek Wedding 2,1
My Bloody Valentine,2
My Life in Ruins,1
My Name Is Khan,1
My Sister's Keeper,1
My Soul to Take,1
My Super Ex-Girlfriend,1
My Week with Marilyn,1
Mystery Team,0
Nacho Libre,2
Nancy Drew,2
Nanny McPhee Returns,0
National Treasure: Book of Secrets,1
Nebraska,1
Need for Speed,1
Neighbors,2
Neighbors 2: Sorority Rising,1
Neruda,0
Nerve,2
Never Back Down,1
Never Let Me Go,1
New in Town,1
New Year's Eve,1
"New York, I Love You",1
Next,0
Nick and Norah's Infinite Playlist,1
Night at the Museum,1
Night at the Museum: Battle of the Smithsonian,1
Night at the Museum: Secret of the Tomb,2
Nightcrawler,1
Nights in Rodanthe,1
Nim's Island,2
Nine,2
Ninja Assassin,1
No,0
No Country for Old Men,0
No Escape,0
No Good Deed,0
No One Lives,1
No Reservations,1
No Strings Attached,0
Noah,0
Nocturnal Animals,1
Non-Stop,2
Norbit,1
Norman,0
North Sea Texas,1
Norwegian Wood,1
Not Fade Away,1
Notes on a Scandal,2
Nothing But the Truth,1
Notorious,1
Now & Later,0
Now You See Me,1
Nowhere Boy,1
Oblivion,1
Observe and Report,1
Obsessed,2
Ocean's Thirteen,0
Oculus,1
Office Christmas Party,1
Old Boy,0
Old Dogs,1
Olympus Has Fallen,2
On the Road,0
Once,1
Ondine,0
One Day,1
One for the Money,1
One Missed Call,1
One Night with the King,1
Oorlogswinter,1
Open Season,1
Orphan,1
Ouija,1
Ouija: Origin of Evil,2
Our Brand Is Crisis,2
Our Idiot Brother,2
Our Kind of Traitor,1
Out of the Furnace,1
Outlander,1
Over Her Dead Body,0
Over the Hedge,2
Oz the Great and Powerful,1
P.S. I Love You,1
P2,2
Pacific Rim,1
Paddington,1
Pain & Gain,1
Palo Alto,1
Pan,1
Pan's Labyrinth,1
Pandorum,0
Paper Man,2
Paper Towns,0
Paprika,1
Paranoia,1
Paranormal Activity,1
Paranormal Activity 2,1
Paranormal Activity 3,2
Paranormal Activity 4,1
Paranormal Activity: The Ghost Dimension,1
ParaNorman,1
Parental Guidance,2
Paris Can Wait,1
"Paris, je t'aime",0
Parker,2
Parkland,2
Passengers,1
Passengers,1
Passengers,2
Passengers,2
Passengers,1
Passengers,1
Passengers,2
Passengers,2
Passion Play,1
Paterson,1
Pathfinder,1
Pathology,1
Paul,1
Paul Blart: Mall Cop,1
Paul Blart: Mall Cop 2,1
Pawn,2
Pawn Sacrifice,1
"Peace, Love, & Misunderstanding",1
Peaceful Warrior,1
Penelope,0
Penguins of Madagascar,1
People Like Us,1
Percy Jackson & the Olympians: The Lightning Thief,1
Percy Jackson: Sea of Monsters,2
Perfect Sense,1
Perfect Stranger,1
Perrier's Bounty,0
Personal Shopper,1
Pet,1
Pete's Dragon,1
Philomena,1
Pineapple Express,0
Piranha 3D,0
Piranha 3DD,0
Pirate Radio,1
Pirates of the Caribbean: At World's End,2
Pirates of the Caribbean: Dead Man's Chest,0
Pirates of the Caribbean: On Stranger Tides,0
Pisando firme,0
Pitch Perfect,1
Pitch Perfect 2,1
Pixels,1
PK,0
Planes,1
Planeta 51,0
Playing for Keeps,1
Poltergeist,2
Pompeya,0
Pontypool,1
Ponyo,2
Popstar: Never Stop Never Stopping,1
Poseidon,0
Postal,0
Poultrygeist: Night of the Chicken Dead,2
Precious,1
Predators,1
Predestination,2
Premium Rush,0
Premonition,1
Presencia siniestra,0
Pretty Ugly People,1
Priceless,1
Pride and Glory,1
Pride and Prejudice and Zombies,1
Priest,0
Primeval,1
Prince of Persia: The Sands of Time,1
Princesa por accidente,0
Prisoners,1
Project Almanac,1
Project X,0
Prom,1
Prom Night,1
Promesa de Vida,0
Prometheus,2
Promised Land,1
Protegiendo al enemigo,1
Public Enemies,0
Pulse,1
Puncture,2
Punisher: War Zone,1
Punto de quiebre,0
Push,1
Puss in Boots,2
Quantum of Solace,1
Quarantine,1
Quartet,1
Queen,1
R.I.P.D.,1
Rabbit Hole,0
Race to Witch Mountain,1
Rachel Getting Married,1
Ramona and Beezus,2
Rampart,1
Rang De Basanti,1
Rango,2
Ratatouille,1
Real Steel,1
RED,1
RED 2,1
Red Cliff,0
Red Dawn,1
Red Hill,0
Red Lights,0
Red Riding Hood,0
Red State,1
Red Tails,1
Redbelt,1
Redemption,1
Redline,1
Regression,2
Reign Over Me,1
Relatos salvajes,1
Remember,1
Remember Me,1
Rendition,1
Renoir,0
Repo Men,1
Repo! The Genetic Opera,2
Rescue Dawn,1
Reservation Road,1
Resident Evil: Afterlife,2
Resident Evil: Extinction,0
Resident Evil: Retribution,2
Resident Evil: The Final Chapter,2
Revancha,0
Revenant: El Renacido,2
Revolutionary Road,2
Rewind,1
Ricki and the Flash,1
Riddick,0
Ride Along,1
Righteous Kill,0
Rio,0
Rio 2,1
Rise of the Guardians,1
Rise of the Planet of the Apes,0
Risen,1
Robin Hood,1
RoboCop,1
Robot & Frank,1
Rock of Ages,1
Rock the Kasbah,1
Rocket Science,2
RocknRolla,1
Rockstar,1
Rocky Balboa,1
Rogue,1
Rogue One,1
Romeo & Juliet,2
Rubber,1
Ruby Sparks,1
Rudderless,2
Rules Don't Apply,0
Run All Night,1
"Run, Fatboy, Run",1
Runner Runner,1
Running Scared,2
Running with Scissors,1
Rush,1
Rush Hour 3,2
Rust and Bone,1
RV,0
Sabotage,1
Safe,1
Safe Haven,1
Safety Not Guaranteed,1
Salmon Fishing in the Yemen,1
Salt,2
San Andreas,0
Sanctum,0
Sausage Party,1
Savage Grace,1
Savages,0
Saving Christmas,1
Saving Mr. Banks,1
Saw 3D: The Final Chapter,2
Saw III,1
Saw IV,1
Saw V,1
Scary Movie 4,2
Scary Movie 5,2
School for Scoundrels,1
Scoop,2
Scott Pilgrim vs. the World,0
Scouts Guide to the Zombie Apocalypse,2
Scream 4,1
Se levanta el viento,0
Season of the Witch,1
Secret in Their Eyes,2
Secretariat,1
Secretos Peligrosos,0
Sector 9,0
See No Evil,2
Seeking a Friend for the End of the World,1
Seeking Justice,2
Self/less,0
Selma,1
Semi-Pro,1
Sepultado,1
Seraphim Falls,0
Serena,1
Serpientes a bordo,0
Seven Pounds,2
Seven Psychopaths,1
Seventh Son,1
Severance,0
Sex and Death 101,0
Sex and the City,1
Sex and the City 2,1
Sex Drive,1
Sex Tape,2
Shadow Dancer,1
Shame,1
Shark Night 3D,1
Shaun the Sheep Movie,0
She's Out of My League,1
She's the Man,1
Shelter,2
Sherlock Holmes,1
Sherlock Holmes: A Game of Shadows,2
Shin Godzilla,1
Shoot 'Em Up,1
Shooter,1
Short Term 12,1
Shortbus,1
Shorts,0
Shrek Forever After,1
Shrek the Third,0
Shutter,0
Shutter Island,1
Sicario,2
Side Effects,1
Sightseers,1
Silence,2
Silent House,1
Silver Linings Playbook,2
Sin City: A Dame to Kill For,1
Sin Nombre,0
Sing,2
Sing street; este es tu momento,0
Sinister,0
Sinister 2,1
Sisters,2
Skyfall,1
Skyline,1
Sleeping Beauty,1
Sleeping with Other People,2
Sleight,0
Sleuth,0
Slow West,2
Slumdog Millionaire,0
Smashed,0
Smiley Face,0
Smokin' Aces,1
Snitch,1
Snow Angels,1
Snowden,1
Sola contra el poder,0
Solitary Man,2
Something Borrowed,1
Something New,2
Somewhere,1
Son of Rambow,1
Song of the Sea,1
Sorority Row,2
Sospechas mortales,0
Soul Men,1
Soul Surfer,0
Sound of My Voice,1
Source Code,1
Southland Tales,1
Spectre,2
Speed Racer,1
Spider-Man 3,0
Splice: experimento mortal,0
Split,1
Spotlight,1
Spread,1
Spring,1
Spring Breakers,1
Spy,1
Spy Kids 4: All the Time in the World,0
St. Vincent,1
Stake Land,1
Stalingrad,0
Stand Up Guys,1
Star Trek,0
Star Trek Beyond,2
Star Trek Into Darkness,0
Star Wars: The Clone Wars,1
Star Wars: The Force Awakens,2
Stardust,0
Starlet,1
Starred Up,1
Starter for 10,1
State of Play,1
Stay Alive,1
Step Brothers,1
Step Up,2
Step Up 2: The Streets,1
Step Up 3D,1
Step Up All In,1
Step Up Revolution,0
Steve Jobs,1
Still Alice,1
Stoker,1
Stolen,0
Stomp the Yard,1
Stone,2
Stop-Loss,1
Storks,1
Straight Outta Compton,1
Strange Magic,1
Strange Wilderness,2
Stranger Than Fiction,1
Strangerland,0
Straw Dogs,1
Street Fighter: La leyenda,0
Street Kings,1
Struck by Lightning,0
Stuck in Love,1
Submarine,1
Sucker Punch,2
Suffragette,1
Suicide Squad,0
Sukiyaki Western Django,0
Sully,1
Summer Wars,1
Summertime,1
Sunshine,1
Sunshine Cleaning,1
Super,1
Super 8,1
Superbad,1
Superhero Movie,1
Superman Returns,1
Surf's Up,1
"Surfer, Dude",1
Surrogates,0
Surveillance,2
Survival of the Dead,0
Sweeney Todd: The Demon Barber of Fleet Street,1
Swing Vote,1
Swiss Army Man,0
Sydney White,1
Synchronicity,1
"Synecdoche, New York",1
Take Me Home,2
Take Me Home Tonight,0
Take Shelter,1
Take the Lead,1
Take This Waltz,1
Takers,1
Taking Woodstock,1
Tal vez es para siempre,0
Talaash,0
Tale of Tales,1
Talk to Me,1
Talladega Nights: The Ballad of Ricky Bobby,1
Tamara Drewe,1
Tammy,1
Tangerine,0
Tangled,1
Tanner Hall,1
Taxidermia,0
Ted,1
Ted 2,1
Teenage Mutant Ninja Turtles,0
Teenage Mutant Ninja Turtles: Out of the Shadows,0
Teeth,2
Tell No One,1
Temptation: Confessions of a Marriage Counselor,2
Tenacious D in The Pick of Destiny,1
Terminator Genisys,1
Terminator Salvation,1
Terror en Silent Hill,0
Testament of Youth,1
Tetro,1
Texas Chainsaw 3D,1
Texas Killing Fields,1
Thanks for Sharing,1
That's My Boy,1
That Awkward Moment,2
The 100 Year-Old Man Who Climbed Out the Window and Disappeared,0
The 5th Wave,2
The A-Team,1
The ABCs of Death,2
The Accountant,1
The Adjustment Bureau,1
The Adventures of Tintin,1
The Age of Adaline,1
The Air I Breathe,1
The Amazing Spider-Man,1
The Amazing Spider-Man 2,1
The American,1
The Angels' Share,0
The Angry Birds Movie,2
The Ant Bully,2
The Apparition,1
The Art of Getting By,1
The Art of the Steal,0
The Artist,1
The Assassin,1
The Assassination of Jesse James by the Coward Robert Ford,1
The Astronaut Farmer,2
The Avengers,0
The Baader Meinhof Complex,2
The Babadook,1
The Babysitters,0
The Back-up Plan,1
The Bad Batch,2
The Bag Man,1
The Bank Job,1
The Bay,1
The Beaver,1
The Belko Experiment,1
The Benchwarmers,1
The Best Exotic Marigold Hotel,1
The Best Man Holiday,1
The Best of Me,1
The Best Offer,1
The BFG,2
The Big Short,1
The Big Wedding,1
The Big Year,1
The Birth of a Nation,0
The Blackcoat's Daughter,0
The Blind Side,1
The Bling Ring,1
The Book of Eli,1
The Book of Life,1
The Book Thief,1
The Boondock Saints II: All Saints Day,0
The Boss,1
The Bounty Hunter,1
The Bourne Legacy,1
The Bourne Ultimatum,1
The Box,1
The Boxtrolls,1
The Boy,0
The Boy in the Striped Pajamas,0
The Boy Next Door,2
The Brave One,1
The Break-Up,1
The Bronze,1
The Brothers Bloom,1
The Brothers Grimsby,2
The Bucket List,1
The Burning Plain,0
The Cabin in the Woods,1
The Call,1
The Campaign,1
The Canyon,1
The Canyons,1
The Change-Up,1
The Choice,1
The Chronicles of Narnia: Prince Caspian,0
The Chronicles of Narnia: The Voyage of the Dawn Treader,0
The Class,1
The Cold Light of Day,2
The Collection,1
The Collector,2
The Comebacks,1
The Comedian,1
The Company Men,1
The Company You Keep,1
The Condemned,2
The Congress,2
The Conjuring,1
The Conjuring 2,1
The Conspirator,2
The Counsellor,1
The Counterfeiters,0
The Covenant,1
The Crazies,1
The Croods,1
The Curious Case of Benjamin Button,1
The D Train,1
The Da Vinci Code,1
The Damned United,1
The Danish Girl,1
The Darjeeling Limited,1
The Dark Knight,1
The Dark Knight Rises,1
The Darkest Hour,1
The Darkness,0
The Daughter,2
The Day the Earth Stood Still,2
The Dead Girl,1
The Debt,0
The Decoy Bride,1
The Deep Blue Sea,1
The Departed,0
The Descendants,1
The Devil's Double,1
The Devil Inside,1
The Devil Wears Prada,1
The Diary of a Teenage Girl,0
The Dictator,2
The Dilemma,2
The Disappearance of Alice Creed,0
The Disappearance of Eleanor Rigby: Them,0
The Disappointments Room,1
The Diving Bell and the Butterfly,1
The Double,1
The Dressmaker,0
The Drop,1
The Duchess,1
The DUFF,1
The Duke of Burgundy,1
The Eagle,1
The East,1
The Edge of Love,1
The Edge of Seventeen,2
The End of the Tour,1
The Equalizer,1
The Escapist,1
The Exception,1
The Expendables,1
The Expendables 2,2
The Expendables 3,1
The Express,2
The Exterminating Angels,0
The Eye,0
The Eyes of My Mother,1
The Fall,1
The Family,1
The Family Fang,1
The Family That Preys,1
The Fast and the Furious: Tokyo Drift,2
The Fault in Our Stars,1
The Fifth Estate,0
The Fighter,1
The Final Destination,1
The Finest Hours,1
The First Time,1
The Five-Year Engagement,1
The Flowers of War,1
The Foot Fist Way,2
The Forbidden Kingdom,1
The Forest,1
The Founder,1
The Fountain,0
The Fourth Kind,1
The Gambler,1
The Game Plan,2
The Ghost Writer,1
The Gift,1
The Girl in the Book,1
The Girl on the Train,1
The Girl Who Kicked the Hornet's Nest,2
The Girl Who Played with Fire,1
The Girl with the Dragon Tattoo,2
The Girl with the Dragon Tattoo,2
The Girl with the Dragon Tattoo,2
The Girl with the Dragon Tattoo,2
The Girl with the Dragon Tattoo,2
The Girl with the Dragon Tattoo,2
The Girl with the Dragon Tattoo,2
The Girl with the Dragon Tattoo,2
The Girlfriend Experience,1
The Golden Compass,1
The Good Dinosaur,1
The Good Doctor,1
The Good German,1
The Good Guy,1
The Good Shepherd,1
The Good the Bad the Weird,2
"The Goods: Live Hard, Sell Hard",0
The Grand Budapest Hotel,1
The Grandmaster,1
The Great Beauty,1
The Great Debaters,1
The Great Wall,1
The Green Hornet,2
The Green Inferno,2
The Grey,1
The Grudge 2,2
The Guard,2
The Guardian,1
The Guest,1
The Guilt Trip,2
The Gunman,1
The Hallow,1
The Handmaiden,1
The Hangover,0
The Hangover Part II,1
The Hangover Part III,1
The Happening,2
The Hateful Eight,2
The Haunting in Connecticut,1
The Haunting of Molly Hartley,0
The Heartbreak Kid,1
The Heat,1
The Help,1
The Hills Have Eyes,2
The Hills Have Eyes II,0
The History Boys,1
The Hitcher,1
The Hobbit: An Unexpected Journey,1
The Hobbit: The Battle of the Five Armies,0
The Hobbit: The Desolation of Smaug,1
The Holiday,1
The Hollars,1
The Homesman,0
The Host,1
The Host,1
The Host,1
The Host,1
The Host,1
The Host,1
The Host,1
The Host,1
The Hottie & the Nottie,1
The House Bunny,1
The House of the Devil,0
The Housemaid,1
The Human Centipede (First Sequence),0
The Human Centipede II (Full Sequence),0
The Hundred-Foot Journey,0
The Hunger Games,1
The Hunger Games: Catching Fire,1
The Hunger Games: Mockingjay - Part 1,1
The Hunger Games: Mockingjay - Part 2,1
The Hunt,0
The Hunter,1
The Hunting Party,0
The Huntsman: Winter's War,1
The Hurt Locker,1
The Iceman,1
The Ides of March,1
The Illusionist,1
The Imaginarium of Doctor Parnassus,0
The Imitation Game,2
The Immigrant,1
The Impossible,2
The Inbetweeners Movie,1
The Incredible Burt Wonderstone,1
The Incredible Hulk,1
The Infiltrator,1
The Informant!,0
The Informers,1
The Innkeepers,1
The Intern,2
The International,1
The Internship,1
The Interview,1
The Intouchables,1
The Invasion,1
The Invention of Lying,1
The Invisible,1
The Invisible Woman,1
The Invitation,1
The Iron Lady,1
The Jane Austen Book Club,1
The Joneses,1
The Judge,2
The Jungle Book,0
The Karate Kid,1
The Keeping Room,1
The Kids Are All Right,1
The Killer Inside Me,1
The King's Speech,1
The Kingdom,1
The Kings of Summer,1
The Kite Runner,1
The Lady in the Van,1
The Lake House,1
The Last Airbender,1
The Last Circus,0
The Last Days on Mars,1
The Last Five Years,0
The Last House on the Left,0
The Last King of Scotland,2
The Last Kiss,1
The Last Legion,1
The Last Mimzy,1
The Last Song,1
The Last Stand,2
The Last Station,1
The Last Witch Hunter,1
The Lazarus Effect,0
The Ledge,1
The Legend of Hercules,1
The Legend of Tarzan,1
The Lego Movie,1
The Light Between Oceans,1
The Limits of Control,1
The Lincoln Lawyer,1
The Little Death,0
The Lives of Others,1
The Lone Ranger,2
The Longest Ride,0
The Lookout,1
The Lorax,1
The Lords of Salem,1
The Losers,1
The Lost City of Z,2
The Love Guru,0
The Love Witch,1
The Lovely Bones,1
The Lucky One,1
The Lunchbox,1
The Lure,1
The Magic of Belle Isle,1
The Magnificent Seven,1
The Man from Nowhere,1
The Man from U.N.C.L.E.,1
The Man Who Knew Infinity,1
The Man with the Iron Fists,0
The Marine,1
The Martian,1
The Master,1
The Maze Runner,1
The Mechanic,1
The Meddler,1
The Men Who Stare at Goats,1
The Merry Gentleman,2
The Messenger,1
The Messengers,1
The Midnight Meat Train,1
The Mist,0
The Monuments Men,1
The Mortal Instruments: City of Bones,0
The Mummy: Tomb of the Dragon Emperor,1
The Muppets,1
The Namesake,1
The Nanny Diaries,0
The Next Three Days,1
The Nice Guys,1
The Night Before,1
The Nines,1
The November Man,1
The Number 23,1
The Odd Life of Timothy Green,2
The Omen,2
The One I Love,1
The Orphanage,1
The Other Boleyn Girl,0
The Other Guys,1
The Other Side of the Door,2
The Other Woman,1
The Overnight,1
The Oxford Murders,2
The Paperboy,0
The Peanuts Movie,1
The Perfect Guy,2
The Perfect Host,1
The Perks of Being a Wallflower,1
The Pink Panther,1
The Pink Panther 2,0
The Pirates! Band of Misfits,1
The Place Beyond the Pines,1
The Possession,0
The Princess and the Frog,1
The Proposal,1
The Purge: Election Year,1
The Pursuit of Happyness,0
The Queen,1
The Quiet Ones,2
The Raid 2,1
The Raid: Redemption,1
The Raven,1
The Reader,1
The Reaping,1
The Red Baron,2
The Reluctant Fundamentalist,1
The Rite,1
The Road,1
The Rocker,1
The Romantics,1
The Roommate,1
The Rover,1
The Ruins,0
The Rum Diary,1
The Runaways,1
The Sacrament,1
The Samaritan,2
The Santa Clause 3: The Escape Clause,1
The Savages,1
The Science of Sleep,2
The Sea of Trees,1
The Second Best Exotic Marigold Hotel,1
The Secret in Their Eyes,2
The Secret Life of Bees,2
The Secret Life of Walter Mitty,2
The Secret of Kells,2
The Secret World of Arrietty,2
The Seeker: The Dark Is Rising,0
The Sentinel,1
The Sessions,1
The Shallows,1
The Signal,1
The Simpsons Movie,1
The Sisterhood of the Traveling Pants 2,2
The Sitter,2
The Slammin' Salmon,0
The Smurfs,1
The Smurfs 2,1
The Snowtown Murders,1
The Social Network,2
The Soloist,1
The Sorcerer's Apprentice,1
The Spectacular Now,1
The Spiderwick Chronicles,1
The Spirit,1
The SpongeBob Movie: Sponge Out of Water,0
The Spy Next Door,1
The Stanford Prison Experiment,2
The Stepfather,2
The Stoning of Soraya M.,1
The Strangers,0
The Sweeney,1
The Switch,1
The Take,1
The Taking of Pelham 123,1
The Tale of Despereaux,2
The Tale of the Princess Kaguya,1
The Tempest,1
The Texas Chainsaw Massacre: The Beginning,0
The Theory of Everything,0
The Thing,1
The Three Musketeers,1
The Three Stooges,1
The Time Traveler's Wife,1
The To Do List,1
The Tourist,1
The Town,1
The Tree of Life,1
The Tribe,1
The Trip,1
The Twilight Saga: Breaking Dawn - Part 1,0
The Twilight Saga: Breaking Dawn - Part 2,0
The Twilight Saga: Eclipse,1
The Twilight Saga: New Moon,1
The Two Faces of January,1
The Ugly Truth,2
The Ultimate Gift,1
The Unborn,1
The Uninvited,2
The Unknown Woman,1
The Vatican Tapes,1
The Visit,1
The Visitor,1
The Void,1
The Vow,0
The Wackness,1
The Wailing,1
The Walk,1
The Warrior's Way,1
The Watch,1
The Way,1
The Way Back,1
The Way Way Back,1
The Wedding Ringer,1
The White Ribbon,1
The Wicker Man,1
The Wind That Shakes the Barley,1
The Witch,2
The Wolf of Wall Street,2
The Wolfman,1
The Wolverine,1
The Woman in Black,0
The Woman in Black 2: Angel of Death,0
The Women,1
The Words,0
The World's End,1
The Wrestler,0
The X Files: I Want to Believe,1
The Young Victoria,1
The Zero Theorem,2
Their Finest,1
Then She Found Me,1
There Will Be Blood,1
Things We Lost in the Fire,1
Think Like a Man,1
Think Like a Man Too,1
Thirst,1
This Christmas,1
This Is 40,1
This Is England,1
This Is the End,1
This Is Where I Leave You,1
This Means War,2
This Must Be the Place,1
Thor,1
Thor: The Dark World,2
Till We Meet Again,1
Tim and Eric's Billion Dollar Movie,1
Timber Falls,0
Tiny Furniture,1
To Rome with Love,1
To the Wonder,1
Today's Special,1
Todo lo que necesitas es amor,0
Tomorrowland,0
Toni Erdmann,2
Tooth Fairy,2
Top Five,1
Total Recall,1
Towelhead,1
Tower Heist,1
Toy Story 3,0
Tracks,1
Traitor,1
Trance,1
Transcendence,1
Transformers,0
Transformers: Age of Extinction,2
Transformers: Dark of the Moon,0
Transformers: Revenge of the Fallen,0
Transsiberian,1
Trash,0
Trespass,1
Triple 9,1
Tristan + Isolde,1
Trollhunter,1
Trolls,1
TRON: Legacy,1
Tropic Thunder,1
Trouble with the Curve,0
True Grit,1
True Story,1
Trumbo,1
Trust,1
Tucker and Dale vs Evil,2
Turbo,1
Turbo Kid,2
Turistas,0
Tusk,1
Twelve,1
Twice Born,1
Twilight,0
Two Lovers,1
Two Night Stand,1
Ultraviolet,0
Un par nada ejemplar,0
Un pasado imborrable,0
Un verano para toda la vida,0
Una buena mentira,0
Una historia de amor y oscuridad,2
Una pareja dispareja,0
Unaccompanied Minors,0
Unbroken,2
Uncle Boonmee Who Can Recall His Past Lives,0
Under the Same Moon,0
Under the Skin,1
Underdog,0
Underworld Awakening,1
Underworld: Blood Wars,1
Underworld: Evolution,0
Underworld: Rise of the Lycans,1
Unfinished Business,0
Unfriended,0
United 93,0
Universal Soldier: Day of Reckoning,0
Unknown,1
Unknown,1
Unknown,1
Unknown,1
Unknown,1
Unknown,1
Unknown,1
Unknown,1
Unstoppable,2
Untraceable,2
Up,2
Up in the Air,1
Upside Down,0
Upstream Color,1
V/H/S,1
V/H/S/2,2
Vacancy,1
Vacation,1
Valentine's Day,1
Valhalla Rising,1
Valkyrie,1
Vampire Academy,1
Vampires Suck,1
Vamps,1
Van Wilder 2: The Rise of Taj,1
Vanishing on 7th Street,1
Vantage Point,2
Veronica Mars,0
Vicky Cristina Barcelona,0
Victor Frankenstein,0
Vida salvaje,0
Violet & Daisy,1
Volver,0
Voraz,2
W.,2
W.E.,0
Waiting for Forever,1
Waitress,1
Wakefield,1
Walk Hard: The Dewey Cox Story,2
Walk of Shame,1
Walking with the Enemy,0
Wall Street: Money Never Sleeps,1
Waltz with Bashir,1
Wanderlust,2
Wanted,1
War,2
War Dogs,1
War Horse,2
War Room,2
"War, Inc.",1
Warcraft: The Beginning,1
Warm Bodies,1
Warrior,1
Watchmen,1
Water for Elephants,0
We're the Millers,2
We Are Marshall,1
We Are What We Are,1
We Are Your Friends,2
We Bought a Zoo,1
We Need to Talk About Kevin,2
We Own the Night,1
Weekend,1
"Welcome Home, Roscoe Jenkins",1
Welcome to the Punch,1
Welcome to the Rileys,1
Welcome to the Sticks,1
What's Your Number?,1
What Happens in Vegas,1
What If,1
What Just Happened,1
What Maisie Knew,1
What to Expect When You're Expecting,1
Whatever Works,1
When a Stranger Calls,2
When in Rome,0
When the Game Stands Tall,2
While We're Young,0
Whip It,1
Whiplash,2
Whiskey Tango Foxtrot,1
White Girl,0
White House Down,0
Whiteout,2
Why Did I Get Married?,1
Why Him?,2
Wild,1
Wild Child,1
Wild Hogs,1
Wild Target,1
Wind Chill,2
Winnie the Pooh,1
Winter's Bone,1
Winter's Tale,1
Woman in Gold,2
World's Greatest Dad,1
World Trade Center,2
World War Z,1
Wreck-It Ralph,1
Wristcutters: A Love Story,1
Wuthering Heights,1
X-Men Origins: Wolverine,1
X-Men: Apocalypse,1
X-Men: Days of Future Past,1
X-Men: First Class,1
XXY,0
Year One,1
Yes Man,1
Yogi Bear,1
You're Next,1
You Again,1
You Don't Mess with the Zohan,2
You Will Meet a Tall Dark Stranger,0
"You, Me and Dupree",1
Young & Beautiful,1
Young Adult,1
Your Highness,1
Your name,2
Youth,1
Youth in Revolt,2
Youth Without Youth,0
Z for Zachariah,2
Zack and Miri Make a Porno,1
Zero Dark Thirty,1
Zindagi Na Milegi Dobara,0
Zodiac,1
Zombeavers,1
Zombieland,1
Zookeeper,2
Zoolander 2,2
Zoom,1
Zootopia,1
